<?xml version="1.0" encoding="UTF-8"?>
<!DOCTYPE logback>
<configuration>
    <!-- 標準出力 -->
    <appender name="STD_OUT" class="ch.qos.logback.core.ConsoleAppender">
        <filter class="ch.qos.logback.classic.filter.ThresholdFilter">
            <level>INFO</level>
        </filter>
        <target>System.out</target>
        <encoder>
            <pattern>%date{HH:mm:ss.SSS} [%thread][%logger{36}][%-5level]:%msg%n</pattern>
        </encoder>
    </appender>
    <!-- ファイル出力 -->
    <appender name="FILE" class="ch.qos.logback.core.rolling.RollingFileAppender">
        <filter class="ch.qos.logback.classic.filter.ThresholdFilter">
            <level>INFO</level>
        </filter>
        <encoder class="ch.qos.logback.classic.encoder.PatternLayoutEncoder">
            <pattern>%date{HH:mm:ss.SSS} [%thread][%logger{36}][%-5level]:%msg%n</pattern>
            <charset>UTF-8</charset>
        </encoder>
        <rollingPolicy class="ch.qos.logback.core.rolling.TimeBasedRollingPolicy">
            <fileNamePattern>${LOG_FILE_PATH}/${APPLICATION_NAME}_%d{yyyy-MM-dd}.log</fileNamePattern>
            <MaxHistory>7</MaxHistory>
        </rollingPolicy>
    </appender>
    <!-- Application Insights -->
    <appender name="aiAppender" class="com.microsoft.applicationinsights.logback.ApplicationInsightsAppender">
        <filter class="ch.qos.logback.classic.filter.ThresholdFilter">
            <level>ERROR</level>
        </filter>
    </appender>
    <!-- Error log -->
    <logger name="iotfwlog.error" level="info" additivity="false">
        <appender-ref ref="STD_OUT" />
        <appender-ref ref="FILE" />
        <appender-ref ref="aiAppender" />
    </logger>
    <root level="info">
        <appender-ref ref="STD_OUT" />
        <appender-ref ref="FILE" />
        <appender-ref ref="aiAppender" />
    </root>
</configuration>